{
  "best_accuracy": 0.6356490124791195,
  "best_params": {
    "hidden_dims": [
      256,
      128,
      64
    ],
    "dropout_rate": 0.17394837182792144,
    "learning_rate": 0.002717832190841074,
    "weight_decay": 7.185531173119503e-05,
    "batch_size": 64,
    "epochs": 13,
    "activation": "relu",
    "optimizer": "adamw",
    "scheduler": "cosine"
  },
  "n_trials": 50,
  "optimization_history": [
    0.6329468409157905,
    0.6268546723002849,
    0.6258720644590744,
    0.6248894566178638,
    0.6280829321017982,
    0.6261177164193771,
    0.626952933084406,
    0.6285742360224035,
    0.6203694605482952,
    0.6260685860273165,
    0.6307359732730667,
    0.6301464085683404,
    0.6267072811241033,
    0.6310798860174904,
    0.6313746683698536,
    0.6336837967966984,
    0.6245455438734401,
    0.6349611869902722,
    0.623415544856048,
    0.6243981526972585,
    0.62361206642429,
    0.6342242311093642,
    0.6337820575808195,
    0.6254298909305296,
    0.6265107595558612,
    0.6241525007369558,
    0.6344207526776063,
    0.6278864105335561,
    0.6293603222953719,
    0.6317185811142773,
    0.626019455635256,
    0.6351085781664537,
    0.6352559693426354,
    0.6356490124791195,
    0.6351577085585143,
    0.6326520585634273,
    0.6344207526776063,
    0.6245946742655006,
    0.6205168517244768,
    0.6280829321017982,
    0.6345190134617275,
    0.6348629262061511,
    0.6316694507222168,
    0.6322098850348826,
    0.6235629360322296,
    0.6350103173823327,
    0.6288690183747666,
    0.6353050997346958,
    0.6344698830696669,
    0.6336837967966984
  ]
}